Property ID,Property,Original,Human Translated
P141,IUCN conservation status,What is the endangered status of XXX?,Wie stark gefährdet ist YYY XXX?
P141,IUCN conservation status,How endangered does the iucn consider XXX?,Als wie stark gefährdet betrachtet der Iucn YYYa XXX?
P141,IUCN conservation status,What is the status of XXX?,Welchen Status hat YYY XXX?
P141,IUCN conservation status,What level is XXX's iucn conservation status?,
P141,IUCN conservation status,What is the conservation status of XXX?,Welchen Erhaltungszustand hat YYY XXX?
P141,IUCN conservation status,What is an ecological status of XXX?,
P141,IUCN conservation status,What status on the endangered list is XXX?,
P141,IUCN conservation status,What is the iucn conservation status of XXX?,
P113,airline hub,What airport is XXX part of?,XXX ist Teil welchen Flughafens?
P113,airline hub,What airport is XXX associated with?,Zu welchem Flughafen gehört XXX?
P113,airline hub,What airport does XXX operate out of?,Von welchem Flughafen aus fliegt XXX?
P113,airline hub,Which airport does XXX operate in?,
P113,airline hub,What is the name of the airport where XXX is located?,Wie heißt der Flughafen in dem sich XXX befindet?
P113,airline hub,At what airport can you find XXX?,An welchem Flughafen kann man XXX finden?
P113,airline hub,Which airport is most closely associated with XXX?,
P113,airline hub,What is the name of the airport associated with XXX?,
P113,airline hub,Which airline hub does XXX operate out of?,
P84,architect,Who was the architect involved with XXX?,Wer war der Architekt YYYg XXX?
P84,architect,Who was XXX designed by?,Von wem wurde YYY XXX entworfen?
P84,architect,Which person is the architect of XXX?,
P84,architect,Which designer was responsible for XXX?,Welcher Designer war für YYYa XXX verantwortlich?
P84,architect,Who was the architect that designed XXX?,"Wer war der Architekt, der YYYa XXX entworfen hat?"
P84,architect,Who was the architect or designer of XXX?,
P84,architect,What is the name of the XXX architect?,
P84,architect,The XXX project's architect was who?,
P84,architect,Who is the architect for XXX?,
P84,architect,Who was the designer of XXX?,
P84,architect,The designer for XXX was?,
P84,architect,Who was behind the creation of XXX?,
P84,architect,Which person was the architect of XXX?,
P84,architect,What was the name of the architect who worked on XXX?,"Wie hieß der Architekt, der an YYYd XXX gearbeitet hat?"
P84,architect,The architect of XXX was whom?,
P84,architect,Who designed XXX?,Wer hat YYYa XXX entworfen?
P84,architect,What architect designed XXX?,Welcher Architekt hat YYYa XXX entworfen?
P84,architect,Who was the designor of XXX?,
P84,architect,Who was the main designer of XXX?,
P84,architect,Who is the architect of XXX?,Wer war für YYYa XXX verantwortlich?
P84,architect,Which architect was responsible for XXX?,Welcher Architekt war für YYYa XXX verantwortlich?
P84,architect,What was the designer of XXX's name?,
P84,architect,By which person XXX has been designed?,YYY XXX wurde von wem entworfen?
P84,architect,Who created XXX?,
P84,architect,Which was the architect for XXX?,YYY XXX wurde von welchem Architekten entworfen?
P84,architect,The architect of XXX is whom?,
P84,architect,Who was responsible for the design of XXX?,
P84,architect,The architect of XXX was who?,
P84,architect,Who was mainly responsible for the design of XXX?,
P149,architectural style,The art style of XXX is what?,Welchen Kunststil hat YYY XXX?
P149,architectural style,Of what style is XXX?,Welchen Stil hat YYY XXX?
P149,architectural style,Which is the kind of art style of XXX?,YYY XXX hat welchen Kunststil?
P50,author,Whose writing work is XXX?,Wessen Werk ist XXX?
P50,author,Who wrote the work XXX?,Wer schrieb das Werk XXX?
P50,author,Who is the author of XXX?,Wer ist der Autor des Werkes XXX?
P50,author,Who authored XXX?,Wer hat XXX verfasst?
P50,author,Which author is responsible for XXX?,Wer schrieb XXX?
P50,author,Which author is associated with the work of XXX?,
P50,author,What writer wrote XXX?,Welcher Schriftsteller hat XXX geschrieben?
P50,author,What was the author of XXX's name?,
P50,author,What author wrote XXX?,Welcher Autor hat XXX geschrieben?
P50,author,The writer of XXX is who?,
P50,author,The literature of XXX was written by who?,
P50,author,Who wrote XXX?,
P50,author,Who was the writer of XXX?,
P50,author,Which person has written XXX?,
P50,author,Which author wrote XXX?,
P50,author,Who was the auther of XXX?,
P50,author,Who wrote the XXX?,
P50,author,Which author wrote the novel titled XXX?,
P50,author,What is the name of the author of XXX?,
P50,author,Which author penned XXX?,
P50,author,Who wrote the novel XXX?,Wer hat den Roman XXX geschrieben?
P50,author,Who is the writer of XXX?,Wer hat den Roman XXX verfasst?
P50,author,Who is the creator of XXX?,Wer hat das Werk XXX geschrieben?
P50,author,The one who wrote the XXX?,
P50,author,Who is the XXX by?,
P50,author,Who was XXX written by?,Von wem wurde XXX geschrieben?
P50,author,The XXX is by whom?,
P166,award received,What award was received by XXX?,Welche Auszeichnung hat XXX erhalten?
P166,award received,Which award did XXX get?,Welchen Preis erhielt XXX?
P166,award received,What was the award received by XXX?,Welches war die Auszeichnung die XXX erhielt?
P166,award received,Which award was honoured to XXX?,Welche Auszeichnung wurde an XXX verliehen?
P166,award received,Which award was bestowed upon XXX?,
P144,based on,The XXX is based upon what?,Worauf basiert YYY XXX?
P144,based on,Which is the basis of XXX?,Welche Basis hat YYY XXX?
P3373,brother,What is XXX's brothers name?,Wie heißt der Bruder von XXX?
P3373,brother,Who was the brother of XXX?,Wer war der Bruder von XXX?
P411,canonization status,What title is held by XXX?,Welchen Titel hat XXX inne?
P161,cast member,Who has acted in the film XXX?,Wer hat im Film XXX gespielt?
P161,cast member,Who featured in the film XXX?,Wer war im Film XXX zu sehen?
P161,cast member,Who is in XXX as a cast member?,
P161,cast member,Who has acted in the comedy film XXX?,Wer hat in der Komoedie XXX mitgespielt?
P161,cast member,Who are the stars of the film XXX?,Wer sind die Stars des Films XXX?
P161,cast member,Who acted in XXX?,Wer hat in XXX gespielt?
P161,cast member,Who was the star of XXX?,Wer hat in XXX mitgewirkt?
P161,cast member,Who are the cast members of XXX?,
P161,cast member,What cast members where in XXX?,Welche Darsteller waren in XXX zu sehen?
P161,cast member,"In the film XXX, who was the star?",
P509,cause of death,Why did XXX die?,Woran ist XXX gestorben?
P509,cause of death,Which ailment caused the death of XXX?,XXX ist an welcher Krankheit gestorben?
P509,cause of death,What was XXX's cause of death?,Welche Todesursache hatte XXX?
P509,cause of death,What kind of medical issue did XXX have?,Welches Leiden hatte XXX?
P509,cause of death,What killed XXX?,Was hat XXX getötet?
P509,cause of death,What is the cause of death for XXX?,
P509,cause of death,The cause of death of XXX is what?,
P509,cause of death,What caused XXX's death?,
P509,cause of death,What was the cause of death for XXX?,
P509,cause of death,What was XXX cause of death?,
P509,cause of death,What medical condition killed XXX?,Welche Krankheit hat XXX getötet?
P509,cause of death,What is the cause of death of XXX?,Woran starb XXX?
P509,cause of death,What did XXX die from?,
P509,cause of death,The cause of death for XXX was what?,
P509,cause of death,Of what did XXX die?,
P509,cause of death,From what did XXX die?,
P509,cause of death,Due to which disease did XXX die?,Aufgrund welcher Krankheit ist XXX gestorben?
P509,cause of death,What was the cause of XXX's death?,
P509,cause of death,Which is the cause of death of XXX?,
P509,cause of death,How did XXX die?,
P509,cause of death,What was the cause of death of XXX?,
P509,cause of death,What disease did XXX have?,
P509,cause of death,What did XXX die of?,
P509,cause of death,The disease that XXX died of was what?,
P488,chairperson,Who led XXX?,Welchen Vorsitzenden hatte YYY XXX?
P674,characters,The XXX has what character?,
P40,child,Who is the offspring of XXX?,Wer ist der Nachwuchs von XXX?
P40,child,What was XXX's child's name?,Wie hieß das Kind von XXX?
P1057,chromosome,What is the name of the chromosome where you can find XXX?,"Wie heißt das Chromosom, auf dem man YYYa XXX finden kann?"
P1057,chromosome,On what chromosome is XXX found?,Auf welchem Chromosom befindet sich YYY XXX?
P1057,chromosome,Which chromosome is the gene XXX located on?,Auf welchem Chromosom befindet sich das Gen XXX?
P1057,chromosome,Which  chromosome is related with XXX?,Welches Chromosom ist mit YYYd XXX verwandt?
P1057,chromosome,On what chromosome is XXX located?,
P1057,chromosome,What chromosome is XXX?,
P1057,chromosome,What is the name of XXX's chromosome?,
P1057,chromosome,Which chromosome is XXX found on?,
P1057,chromosome,Which chromosome is XXX located?,
P1057,chromosome,Where is the gene XXX located?,Wo befindet sich das Gen XXX?
P1057,chromosome,Which chromosone can you find XXX?,
P1057,chromosome,Which chromosome is XXX associated with?,
P195,collection,What is the name of the place where XXX can be found?,"Wie heißt der Ort, an dem YYY XXX zu finden ist?"
P1027,conferred by,Who gives out the XXX award?,Wer vergibt den XXX Preis?
P607,conflict,Which historic war did XXX participate?,An welchem historischen Krieg hat XXX teilgenommen?
P607,conflict,What war did XXX participate in?,An welchem Krieg hat XXX teilgenommen?
P607,conflict,In which war/battle did XXX fight?,In welchem Krieg hat XXX gekämpft?
P607,conflict,In what war did XXX fight?,In welcher Schlacht hat XXX gekämpft?
P607,conflict,During which historic war was XXX an officer?,In welchem historischen Krieg war XXX ein Offizier?
P607,conflict,In which war did XXX serve?,In welchem Krieg diente XXX?
P607,conflict,In which war did XXX participate?,
P607,conflict,In which war did XXX fought?,
P607,conflict,What war was XXX in?,
P607,conflict,What was the war that XXX fought in?,
P607,conflict,In which war did XXX fight?,
P607,conflict,In what war was XXX a combatant?,
P607,conflict,In which conflict did XXX participate?,An welchem Konflikt hat XXX teilgenommen?
P607,conflict,What war did XXX fight in?,
P607,conflict,Which war did XXX serve in?,
P607,conflict,In what war did XXX fight in?,
P607,conflict,Which war was XXX in?,
P607,conflict,What is the war during which XXX was in the armed forces?,
P607,conflict,In what war was XXX in?,An welchem Krieg war XXX beteiligt?
P607,conflict,Which war did XXX participate in?,An welcher Schlacht war XXX beteiligt?
P607,conflict,Which conflict was XXX a part of?,An welchem Konflikt war XXX beteiligt?
P607,conflict,What war or battle involved XXX?,
P607,conflict,What war or battle did XXX fight in?,
P607,conflict,What conflict involved XXX?,
P607,conflict,Which war was XXX a part of?,
P81,connecting line,What is the line for XXX station?,Welches ist die Linie zur Station XXX?
P81,connecting line,On which railway line is the railway station XXX located?,Auf welcher Bahnlinie befindet sich der Bahnhof XXX?
P81,connecting line,What is the rail line that XXX runs?,
P81,connecting line,What rail line does XXX serve?,Welche Eisenbahnlinie bedient XXX?
P81,connecting line,What line is XXX a part of?,
P81,connecting line,What line is XXX on?,Auf welcher Linie liegt XXX?
P81,connecting line,What rail line is served by XXX?,
P81,connecting line,What is the name of the line XXX is located?,
P81,connecting line,Which line does XXX form a part of?,Zu welcher Linie gehört XXX?
P81,connecting line,On which railway line is the railway station XXX situated?,
P81,connecting line,What is the line for XXX?,
P59,constellation,What is the name of the constellation which XXX belongs?,"Wie heißt die Konstellation, zu der YYY XXX gehört?"
P59,constellation,What is the name of the constellation where XXX belongs?,
P59,constellation,Of which constellation is XXX a part?,YYY XXX ist Teil welcher Konstellation?
P59,constellation,In which constellation is XXX?,In welcher Konstellation befindet sich YYY XXX?
P59,constellation,Which constellation is formed by XXX?,Welche Konstellation wird von YYYd XXX gebildet?
P59,constellation,What constellation is XXX part of?,
P59,constellation,What constellation is XXX located in?,
P59,constellation,What constellation does XXX belong to?,
P59,constellation,Which constellation is XXX in?,
P59,constellation,Which was the constellation for XXX?,In welcher Konstellation befindet sich der Stern XXX?
P59,constellation,The star/galaxy XXX is in what constellation?,In welcher Konstellation steht der Stern XXX?
P59,constellation,The star XXX is part of the constellation known as what?,
P59,constellation,The star XXX is a part of the constellation named what?,
P59,constellation,In what constellation can XXX be found?,
P59,constellation,What constellation is where XXX is?,
P59,constellation,What constellation is XXX a part of?,Zu welcher Konstellation gehört YYY XXX?
P59,constellation,The star XXX is part of what constellation?,
P59,constellation,What is the constellation that XXX is a part of?,"Welches ist die Konstellation, zu der XXX gehört?"
P59,constellation,What is the constellation that is made with XXX?,
P59,constellation,What constellation is XXX in?,
P59,constellation,What constellation is home to XXX?,
P59,constellation,What is the constellation where XXX is located?,
P59,constellation,Which constellation is XXX a part of?,
P30,continent,Which continent is XXX located?,Auf welchem Kontinent befindet sich XXX?
P30,continent,What continent is XXX found on?,Auf welchem Kontinent ist XXX?
P30,continent,What continent can you find XXX?,Auf welchem Kontinent liegt XXX?
P30,continent,On what continent can XXX be found?,
P30,continent,What continent contains XXX?,
P30,continent,Which continent is XXX on?,
P30,continent,Which continent is XXX in?,
P30,continent,What is the name of the continent where XXX is located?,"Wie heißt der Kontinent, auf dem sich XXX befindet?"
P30,continent,What is the continent that XXX is located?,"Wie heißt der Kontinent, auf dem XXX liegt?"
P30,continent,What continent is XXX on?,
P30,continent,What continent is XXX located on?,
P30,continent,On which continent is XXX located?,
P30,continent,In what continent XXX located?,
P30,continent,What is the continent of XXX?,
P30,continent,The continent that XXX is on is what?,
P30,continent,The continent of XXX is what?,
P30,continent,In what continent is XXX in?,
P30,continent,In which continent is XXX located?,
P1399,convicted of,For what crime was XXX prosecuted?,Für welches Verbrechen wurde XXX strafrechtlich verfolgt?
P1399,convicted of,Which crime XXX is considered to have commited?,Welche Straftat soll XXX begangen haben?
P1399,convicted of,Which crime led to the conviction of XXX?,Welches Verbrechen führte zur Verurteilung von XXX?
P17,country,Which country is XXX located?,In welchem Land befindet sich YYY XXX?
P17,country,Which country is XXX in?,In welchem Land ist YYY XXX?
P17,country,What is the name of the country that XXX is located?,"Wie heißt das Land, in dem sich YYY XXX befindet?"
P17,country,What is the name of the country in which XXX is located?,"Wie heißt das Land, in dem man YYY XXX finden kann?"
P17,country,What is the name of the country XXX is in?,
P17,country,What country is home to XXX?,
P17,country,What country is XXX located in?,YYY XXX Teil welchen Landes?
P17,country,What country is XXX a part of?,In welchem Land kann YYY XXX gefunden werden?
P17,country,In what country can XXX be found?,
P17,country,Which country would you find yourself in if you visited XXX?,"In welchem Land befindet man sich, wenn man YYYa XXX besucht?"
P17,country,In which country is XXX?,
P17,country,In which country is XXX found?,
P17,country,Which country contains XXX?,
P17,country,In which country is XXX situated?,
P17,country,In which country is XXX located?,
P17,country,In what country is XXX located?,
P17,country,In what country is XXX?,
P17,country,In what country XXX is located?,
P17,country,Which country can you find XXX?,
P17,country,With which country would you associate XXX?,
P17,country,What is the country that XXX is located in?,
P17,country,What is the name of XXX's country?,
P17,country,The town of XXX is located in which country?,
P17,country,In which country would you find XXX?,
P17,country,In what country would you find XXX?,
P17,country,Which country's part is XXX?,
P27,country of citizenship,Which country is XXX from?,Aus welchem Land stammt XXX?
P27,country of citizenship,What is XXX's country of original?,Aus welchem Land kommt XXX?
P27,country of citizenship,What country is XXX from?,
P27,country of citizenship,What country did XXX come from?,
P27,country of citizenship,Which country's citizen was XXX?,XXX war Staatsbürger welchen Landes?
P27,country of citizenship,Which country's citizenship does XXX hold?,
P27,country of citizenship,Which country was XXX in?,
P27,country of citizenship,Which country is XXX a citizen of?,
P27,country of citizenship,In which country did XXX live?,In welchem Land lebte XXX?
P27,country of citizenship,What country was XXX in?,
P27,country of citizenship,What was XXX birth country?,In welchem Land wurde XXX geboren?
P27,country of citizenship,To which country does XXX belong as its citizen?,
P27,country of citizenship,What country was XXX from?,
P27,country of citizenship,Which country does XXX belong to?,
P27,country of citizenship,Of which country is XXX a citizen?,
P27,country of citizenship,Of what country is XXX a citizen?,
P27,country of citizenship,Where was XXX from?,Woher kam XXX?
P27,country of citizenship,What is XXX's country of citizenship?,
P495,country of origin,The country of origin for XXX is what?,Woher stammt XXX?
P495,country of origin,The country for XXX was what?,
P495,country of origin,Which was the country for XXX?,
P495,country of origin,What is the country XXX is from?,Aus welchem Land stammt XXX?
P495,country of origin,What country released XXX?,
P495,country of origin,What country did XXX originate?,
P170,creator,Which was the creator of XXX?,Wer schuf YYYa XXX?
P170,creator,The artwork XXX was by who?,Wessen Kunstwerk war YYY XXX?
P170,creator,Who developed XXX?,Wer hat YYYa XXX entwickelt?
P170,creator,The XXX was made by whom?,
P170,creator,Who is XXX by?,YYY XXX wurde von wem erschaffen?
P170,creator,What artist was responsible for the creation of XXX?,
P177,crosses,Over what river does XXX cross?,Welchen Fluss kreuzt YYY XXX?
P177,crosses,Over which river does XXX cross?,
P177,crosses,What river does XXX cross?,
P177,crosses,What does XXX cross over?,
P569,date of birth,When was XXX born?,Wann wurde XXX geboren?
P569,date of birth,When was the birth of XXX?,XXX wurde wann geboren?
P569,date of birth,When is the date of birth of XXX?,Was ist das Geburtsdatum von XXX?
P569,date of birth,What was the date of birth of XXX?,Was war das Geburtsdatum von XXX?
P569,date of birth,What is the date of birth for XXX?,
P569,date of birth,What is the birth date of XXX?,
P569,date of birth,The date of birth of XXX is?,
P569,date of birth,The date of birth for XXX is what?,
P569,date of birth,The birth date of XXX is what?,
P570,date of death,Which is the date of death for XXX?,Welches ist das Todesdatum von XXX?
P570,date of death,When did XXX's death occur?,Wann starb XXX?
P570,date of death,What was the date of death of XXX?,
P570,date of death,What was the date of death for XXX?,
P570,date of death,What is the date of death for XXX?,
P570,date of death,What date did XXX die?,An welchem Datum starb XXX?
P570,date of death,The year XXX died was what?,In welchem Jahr starb XXX?
P570,date of death,When did the life of XXX end?,
P570,date of death,When did XXX die?,
P570,date of death,What was the death date of XXX?,Wann ist das Todesdatum von XXX?
P570,date of death,What was the date of XXX's death?,
P570,date of death,What is the date of XXX's death?,
P570,date of death,The death of XXX occured on what date?,
P570,date of death,The date of death for XXX is what?,
P570,date of death,On which date did XXX die?,
P570,date of death,On what date did XXX die?,
P570,date of death,When was XXX's death?,
P570,date of death,On what date did XXX expire?,
P570,date of death,What year did XXX die?,In welchem Jahr ist XXX gestorben?
P570,date of death,What year did XXX die in?,
P570,date of death,What date did XXX die on?,
P1619,date of official opening,When was the opening of XXX?,YYY XXX wurde wann eröffnet?
P1619,date of official opening,What was the date of the opening of XXX?,An welchem Datum wurde YYY XXX eröffnet?
P1619,date of official opening,When was the official opening of XXX?,
P1619,date of official opening,When was XXX opened?,Wann wurde YYY XXX eröffnet?
P1619,date of official opening,When was XXX founded?,Wann wurde YYY XXX gegründet?
P1619,date of official opening,When was XXX created?,
P1619,date of official opening,When did XXX open?,
P1619,date of official opening,When did XXX begin?,
P1619,date of official opening,When date was the official opening of XXX?,An welchem Datum wurde YYY XXX offiziell eröffnet?
P1619,date of official opening,When was XXX founded/built?,
P1619,date of official opening,What was the date of the official opening of XXX?,
P1619,date of official opening,When was XXX started?,
P1619,date of official opening,What year was XXX opened?,
P1619,date of official opening,When was XXX opened officially?,
P287,designer,Who worked on designing XXX?,YYY XXX wurde von wem entworfen?
P287,designer,What is the name of the person who designed XXX?,Wer entwarf YYYa XXX?
P287,designer,Who designed the XXX?,Welcher Designer entwarf YYYa XXX?
P287,designer,Who desigened XXX?,
P287,designer,Which is the designer of XXX?,
P287,designer,Who is the designer of XXX?,Welcher Designer hat an YYYd XXX gearbeitet?
P287,designer,Who worked on XXX?,Wer hat an YYYd XXX gearbeitet?
P178,developer,With which development company would you associate XXX?,Welche Firma entwickelte XXX?
P178,developer,Who is the developer of XXX?,XXX wurde von wem entwickelt?
P178,developer,Which developer released XXX?,Welcher Entwickler hat XXX veröffentlicht?
P178,developer,Which company developed the videogame XXX?,Welche Firma hat das Videospiel XXX entwickelt?
P178,developer,What is the name of XXX's developer?,Wie heißt der Entwickler von XXX?
P178,developer,Which company developed XXX?,Welches Unternehmen hat XXX entwickelt?
P178,developer,Who is originally behind the development of XXX?,Wer steht ursprünglich hinter der Entwicklung von XXX?
P178,developer,By whom was XXX developed?,
P57,director,Who was the person who directed XXX?,Wer war der Regisseur von XXX?
P57,director,Who was the director of XXX?,Wer führte Regie in XXX?
P57,director,Who was the director for XXX?,
P57,director,Who was XXX directed by?,
P57,director,Who is the director for XXX?,
P57,director,Who had the role of director in XXX?,
P57,director,Who directed the film XXX?,Wer hat im Film XXX Regie geführt?
P57,director,Who directed XXX?,Wer führte Regie im Film XXX?
P57,director,Which director worked on XXX?,
P57,director,What was the name of the director for XXX?,Wie hieß der Regisseur von XXX?
P57,director,What is the director of XXX?,
P57,director,What is the name of the director of XXX?,
P57,director,"Who is the director of the film, XXX?",Wer ist der Regisseur des Films XXX?
P57,director,Who is the director of XXX?,
P57,director,Which director helmed the movie XXX?,Welcher Regisseur hat den Film XXX gedreht?
P57,director,The director of XXX is who?,
P57,director,Under whose direction was XXX produced?,Unter wessen Leitung wurde XXX produziert?
P57,director,The film XXX was directed by who?,
P57,director,Who was responsible for the direction of XXX?,Wer war übernahm die Regie für XXX?
P57,director,Who id the director for XXX?,
P57,director,The main director of XXX was who?,
P57,director,The director of XXX is what?,
P57,director,Whose direction is XXX?,
P57,director,Who was XXX was directed by?,
P57,director,Who served as director for XXX?,
P57,director,XXX a 2001 german drama film directed by ?,
P61,discoverer or inventor,Who was the discoverer of XXX?,YYY XXX wurde von wem entdeckt?
P61,discoverer or inventor,Who was the original discoverer of XXX?,
P61,discoverer or inventor,Who discovered XXX?,Wer hat YYYa XXX entdeckt?
P61,discoverer or inventor,By whom was XXX discovered?,Von wem wurde YYY XXX entdeckt?
P61,discoverer or inventor,Who made the discovery of XXX?,
P61,discoverer or inventor,Who made XXX known?,Wer hat YYYa XXX bekannt gemacht?
P61,discoverer or inventor,What is the name of the person who discovered XXX?,"Wie heißt die Person, die YYYa XXX entdeckt hat?"
P61,discoverer or inventor,Who was responsible for the discovery of XXX?,
P61,discoverer or inventor,Who would be the first to discover XXX?,"Wer war der Erste, der YYYa XXX entdeckte?"
P61,discoverer or inventor,Who was behind the discovery of XXX?,
P61,discoverer or inventor,Who discovered the XXX?,
P61,discoverer or inventor,What was the name of the discoverer of XXX?,YYY XXX wurde von wem erfunden?
P61,discoverer or inventor,The inventor of XXX was whom?,
P61,discoverer or inventor,The XXX was discovered by whom?,
P61,discoverer or inventor,Who found XXX?,
P576,dissolved or abolished,Which year did XXX end?,
P576,dissolved or abolished,What year did XXX end?,In welchem Jahr endete YYY XXX?
P576,dissolved or abolished,What is the final year of XXX?,
P576,dissolved or abolished,What year was the end of XXX?,
P576,dissolved or abolished,What year was it when XXX was dissolved?,YYY XXX wurde in welchem Jahr aufgelöst?
P576,dissolved or abolished,What is the ending year of XXX?,Wann wurde YYY XXX aufgelöst?
P576,dissolved or abolished,When was XXX abolished?,Wann wurde YYY XXX abgeschafft?
P576,dissolved or abolished,What year did XXX dissolve?,In welchem Jahr wurde YYY XXX abgeschafft?
P576,dissolved or abolished,In which year XXX ceased to exist?,
P750,distributor,What was the production company for XXX?,XXX wurde von welcher Firma produziert?
P750,distributor,What company produced XXX?,
P750,distributor,Which was the production company for XXX?,
P750,distributor,Who was XXX released by?,Von wem wurde XXX veröffentlicht?
P750,distributor,Which is the distributor of XXX?,
P750,distributor,Which digital media publicised XXX?,
P750,distributor,What studio released XXX?,Welches Studio hat XXX veröffentlicht?
P750,distributor,Who was the distributor of XXX?,
P750,distributor,The production company for XXX was what?,
P750,distributor,Who distributed XXX?,Wer hat XXX produziert?
P750,distributor,What company released XXX?,Welche Firma hat XXX veröffentlicht?
P750,distributor,Who released XXX?,Wer hat XXX veröffentlicht?
P750,distributor,Who produced or published XXX?,
P750,distributor,What company made XXX?,Welche Firma hat XXX gemacht?
P750,distributor,What company distributed XXX?,
P750,distributor,The distributor of XXX was whom?,
P750,distributor,The distributor of XXX is whom?,
P750,distributor,What company was XXX released by?,
P750,distributor,What studio realeased the movie XXX?,Welches Studio hat den Film XXX veröffentlicht?
P750,distributor,What is the name of the company which distributed XXX?,"Wie heißt das Unternehmen, das XXX gemacht hat?"
P647,drafted by,What team is XXX on?,Für wen spielt XXX?
P647,drafted by,What team did XXX play for?,Für welches Team hat XXX gespielt?
P647,drafted by,On what team is XXX?,Zu welchem Team gehört XXX?
P647,drafted by,What team is XXX associated with?,XXX spielte für welches Team?
P647,drafted by,Player XXX played for which team?,XXX spielte für welche Mannschaft?
P647,drafted by,Which team does XXX play for?,Für welches Team spielt XXX?
P647,drafted by,What team does XXX belong to?,Für welche Mannschaft spielt XXX?
P98,editor,Who assembled XXX?,Wer hat XXX zusammengestellt?
P98,editor,What is the name of the editors of XXX?,Wer waren die Editoren von XXX?
P98,editor,Who was the editor of XXX?,Wer war der Herausgeber von XXX?
P69,educated at,What college did XXX go to?,Auf welches College ging XXX?
P69,educated at,What is the name of university that educated XXX?,"Wie heißt die Universität, an der XXX studiert hat?"
P69,educated at,What university did XXX attend?,
P69,educated at,Which college or university is related with XXX?,
P69,educated at,What is the university where XXX went?,An welcher Universität war XXX?
P69,educated at,What is the name university that educated XXX?,
P69,educated at,Where did XXX study or work?,Wo hat XXX studiert oder gearbeitet?
P69,educated at,The college XXX attended was what?,
P108,employer,What is XXX's place of employment?,Wo ist der Arbeitsplatz von XXX?
P582,end time,On what date did XXX end?,An welchem Datum endete YYY XXX?
P22,father,Who fathered XXX?,Wer hat XXX gezeugt?
P22,father,What was the name of the father of XXX?,Wie hieß der Vater von XXX?
P22,father,Who is XXX's dad?,Wer ist der Vater von XXX?
P22,father,The father of XXX was who?,Der Vater von XXX war wer?
P22,father,Who was the male parent of XXX?,
P22,father,What is the name of XXX father?,
P22,father,Who was the dad of XXX?,
P22,father,Who was XXX's father?,
P22,father,Who is the paternal progenitor of XXX?,
P22,father,Who is XXX's father?,
P22,father,Who is listed as XXX father?,
P22,father,Who was XXX's paternal figure?,
P22,father,What is XXX's father's name?,Wie heißt der Vater von XXX?
P22,father,The father of XXX is whom?,Welchen Namen hat der Vater von XXX?
P1040,film editor,Who was the film director that directed XXX?,Wer war der Editor von XXX?
P1040,film editor,Who was XXX directed or edited by?,Von wem wurde XXX bearbeitet?
P1040,film editor,What was the director's name of XXX?,
P1040,film editor,The movie XXX is by whom?,
P1040,film editor,Which director directed XXX?,
P1040,film editor,By whom was XXX was directed or edited by?,
P1040,film editor,Who directed or edited XXX?,Wer hat XXX bearbeitet?
P1040,film editor,Who was responsible for directing XXX?,Wer war für die Regie von XXX verantwortlich?
P1040,film editor,Which director worked on the film XXX?,
P703,found in taxon,Which species has the XXX gene?,Welche Art hat das Gen XXX?
P703,found in taxon,What species is XXX specific to?,Für welche Art ist XXX spezifisch?
P703,found in taxon,In what living being can XXX be found?,In welchem Lebewesen kann XXX gefunden werden?
P112,founder,Which person formed XXX?,Welche Person hat XXX gegründet?
P112,founder,Who formed XXX?,Wer hat XXX gegründet?
P112,founder,Who is responsible for founding XXX?,Wer ist für die Gründung von XXX verantwortlich?
P112,founder,Which person is involved in the founding of XXX?,Welche Person war an der Gründung von XXX beteiligt?
P112,founder,Who started XXX?,
P112,founder,Who founded XXX?,
P112,founder,Who is the founder of XXX?,Wer ist der Gründer von XXX?
P112,founder,Which is the founder of XXX?,
P112,founder,What is the name of the founder of XXX?,Wie heißt der Gründer von XXX?
P1080,from fictional universe,What is the name of the fictional universe that XXX is from?,"Wie heißt das fiktive Universum, aus dem XXX stammt?"
P1080,from fictional universe,In which fictional universe is XXX a character?,In welchem fiktiven Universum lebt XXX?
P1080,from fictional universe,Which fictional universe is XXX from?,Aus welchem fiktiven Universum stammt XXX?
P1080,from fictional universe,What is the fictional universe that XXX appears in?,In welchem fiktionalen Universum erscheint XXX?
P1080,from fictional universe,Which fictional universe is XXX part of?,Zu welchem fiktiven Universum gehört XXX?
P1080,from fictional universe,With which fictional universe is the character XXX associated?,
P1080,from fictional universe,What is the fictional universe that has XXX?,"Was ist das fiktive Universum, aus dem XXX kommt?"
P1080,from fictional universe,In which fictional universe does XXX exist?,In welchem fiktiven Universum gibt es XXX?
P1080,from fictional universe,What type of universe is XXX a fictional character in?,
P1080,from fictional universe,What fictional universe is XXX a part of?,
P1080,from fictional universe,What is the universe that XXX exists in?,
P1080,from fictional universe,What is the fictional universe that XXX belong to?,
P6,head of government,Who became the leader of XXX?,Wer wurde der Regierungschef von XXX?
P6,head of government,Which person was the head of government of XXX?,Welche Person war der Regierungschef von XXX?
P6,head of government,Who was elected leader of XXX?,Wer wurde zum Anführer von XXX gewählt?
P6,head of government,Who was in charge of XXX?,
P159,headquarters location,Which city is XXX located in?,In welcher Stadt befindet sich XXX?
P159,headquarters location,What city is the headquarters of XXX?,Welche Stadt ist der Hauptsitz von XXX?
P159,headquarters location,What is the city where XXX is from?,Aus welcher Stadt stammt XXX?
P159,headquarters location,What city is XXX located in?,In welcher Stadt befindet sich der Hauptsitz von XXX?
P159,headquarters location,In what city is XXX locateed?,
P159,headquarters location,In what city is XXX based?,
P115,home venue,Where are the home games of XXX played?,
P115,home venue,What home stadium does XXX play in?,In welchem Heimstadion spielt YYY XXX?
P115,home venue,What is the home arena for XXX?,YYY XXX hat welches Heimstadion?
P115,home venue,What is XXX's home stadium?,
P115,home venue,What arena did XXX play in?,In welcher Arena hat YYY XXX gespielt?
P115,home venue,In what home venue does XXX play?,
P115,home venue,What was the name of XXX's home stadium?,
P115,home venue,Where do XXX play?,Wo spielt YYY XXX?
P115,home venue,Where do XXX play their home games?,
P115,home venue,The XXX played home games where?,
P115,home venue,What is the name of the place at which XXX played?,"Wie heißt der Ort, an dem YYY XXX spielt?"
P115,home venue,Where does XXX play its home games?,
P115,home venue,What location hosts XXX's home games?,
P115,home venue,What is the home arena of XXX?,
P115,home venue,What is the hoe stadium for XXX?,
P115,home venue,In which athletic center does XXX play their home games?,
P115,home venue,In what stadium does XXX play home games?,
P115,home venue,Where does XXX play home games?,Welches Heimstadion hat YYY XXX?
P115,home venue,Where did XXX play home games?,
P115,home venue,Where did XXX play their home games?,
P115,home venue,What is the home venue of XXX?,
P115,home venue,Where does XXX play its game?,
P115,home venue,What is the home ground of XXX?,
P115,home venue,What place did XXX play home games at?,
P115,home venue,What is the name of the stadium where XXX plays home games?,
P115,home venue,What is the common name of the place where XXX plays their home games?,
P115,home venue,What stadium was XXX?,
P115,home venue,Which is the stadium of XXX?,
P115,home venue,What is the home stadium of XXX?,
P110,illustrator,Who is the illustrator of XXX?,Wer illustrierte XXX?
P110,illustrator,What is the name of the ilustrator of the book XXX?,Wie heißt der Illustrator des Buches XXX?
P110,illustrator,Who was XXX illustrated by?,Von wem wurde XXX illustriert?
P110,illustrator,What person illustrated XXX?,Welche Person hat XXX illustriert?
P571,inception,What year was XXX founded?,In welchem Jahr wurde YYY XXX gegründet?
P571,inception,What year was XXX established?,
P571,inception,What was the year XXX was formed in?,Wann wurde YYY XXX gegründet?
P571,inception,What was the founding year of XXX?,YYY XXX wurde in welchem Jahr gegründet ?
P571,inception,In which year was XXX formed?,YYY XXX wurde wann gegründet ?
P571,inception,In what year did XXX first exist?,In welchem Jahr gab es YYYa XXX zum ersten Mal?
P571,inception,In which year was XXX established?,
P571,inception,In which year the first version of XXX is released?,
P571,inception,What year was XXX created?,
P571,inception,What was the inception year of XXX?,
P571,inception,The year that XXX was created was?,
P571,inception,In which year was XXX incepted?,
P571,inception,In what year did XXX originate?,In welchem Jahr entstand YYY XXX?
P571,inception,When did XXX come into being?,Wann entstand YYY XXX?
P571,inception,In what year was XXX founded?,
P571,inception,What was the year of inception of XXX?,
P571,inception,In what year was XXX created?,
P571,inception,What was the year of XXX's inception?,
P571,inception,In what year was XXX formed?,
P571,inception,What year was XXX formed in?,
P571,inception,Which year witnessed the formation of XXX?,
P571,inception,What year was XXX created in?,
P571,inception,What is year of inception of XXX?,
P571,inception,When was XXX launched?,
P571,inception,When was the inception of XXX?,
P571,inception,When was XXX established?,
P452,industry,Which industry is XXX associated with?,
P1303,instrument,Which instrument was played by XXX?,Welches Instrument wurde von XXX gespielt?
P1303,instrument,Which instrument does XXX play?,Welches Instrument spielt XXX?
P1303,instrument,Which instrument did XXX play?,Welches Instrument hat XXX gespielt?
P1303,instrument,What is the instrument that XXX plays?,
P1303,instrument,What instrument is XXX known for playing?,Fuer das Spielen welchen Instrumentes ist XXX bekannt?
P1303,instrument,What instrument does musician XXX play?,Welches Instrument spielt der Musiker XXX?
P1303,instrument,Which musical instrument is associated with XXX?,
P1303,instrument,Which instrument was XXX playing?,Welches Instrument spielte XXX?
P1303,instrument,What musical instrument does XXX associate himself with?,
P1303,instrument,Which musical instrument was used by XXX?,Welches Musikinstrument wurde von XXX verwendet?
P1303,instrument,Which musical instrument was played by XXX?,Welches Musikinstrument wurde von XXX gespielt?
P1303,instrument,What is the main instrument that XXX plays?,Welches Hauptinstrument spielt XXX?
P1303,instrument,What is the instrument played by XXX?,Welches Instrument wird von XXX gespielt?
P1303,instrument,Which musical instrument is related to XXX?,
P1303,instrument,The instrument XXX played is what?,"Das Instrument, das XXX spielte, ist was?"
P1303,instrument,What instrument did XXX played?,
P1303,instrument,Which musical instrument has been played by XXX?,
P1303,instrument,What instrument did XXX play?,
P1303,instrument,What is the main musical instrument of XXX?,Was ist das Hauptmusikinstrument von XXX?
P1303,instrument,The instrument that XXX played was what?,"Das Instrument, das XXX spielte, war was?"
P1303,instrument,Which musical instrument does XXX play?,Welches Musikinstrument spielt XXX?
P1303,instrument,What musical instrument did XXX specialise at?,Auf welches Musikinstrument hat sich XXX spezialisiert?
P1303,instrument,What instrument was played by XXX?,
P1303,instrument,What instrument is XXX proficient in?,Welches Instrument beherrscht XXX?
P1303,instrument,What instrument did XXX learn to play?,Welches Instrument lernte XXX zu spielen?
P870,instrumentation,What musical instrument is XXX associated with?,
P870,instrumentation,Which instrument(s) was XXX created for?,
P870,instrumentation,Which instrument was XXX written for?,
P870,instrumentation,Which musical instrument is connected with XXX?,
P870,instrumentation,What type of instrument is used to play XXX?,
P870,instrumentation,What is the name of the instrument XXX was composed for?,
P870,instrumentation,What musical instrument was XXX created for?,
P870,instrumentation,What is the musical instrument XXX was intended for?,
P870,instrumentation,What instrument was XXX written for?,
P870,instrumentation,What instrument is XXX scored for?,
P870,instrumentation,What instrument is XXX for?,
P870,instrumentation,The work XXX was created for playing on which instrument(s)?,
P870,instrumentation,On which instrument(s) was XXX created to be played on?,
P870,instrumentation,On what instrument is XXX played?,
P870,instrumentation,What type of instrument is XXX designed for?,
P407,language of work or name,What language is XXX in?,In welcher Sprache ist XXX geschrieben?
P407,language of work or name,What is the language that XXX is in?,
P407,language of work or name,What is the language XXX is written in?,
P407,language of work or name,What language is XXX written?,
P407,language of work or name,What language is XXX written in?,
P407,language of work or name,In which language is XXX made in?,
P407,language of work or name,In what language is XXX?,
P407,language of work or name,In which language XXX monthly football magazine reporting?,In welcher Sprache berichtet das monatliche Fußballmagazin XXX?
P407,language of work or name,Which language is XXX written in?,
P1412,languages spoken or written,What is the nationality of birth of XXX?,
P1412,languages spoken or written,What is the nationality of XXX?,
P1412,languages spoken or written,Which language or languages is XXX fluent in?,Welche Sprache oder in welchen Sprachen spricht XXX fließend?
P1412,languages spoken or written,What nationality is XXX?,Was ist die Nationalität von XXX?
P1412,languages spoken or written,The nationality of XXX is what?,
P1412,languages spoken or written,What was the nationality of XXX?,Wie war die Nationalität von XXX?
P1412,languages spoken or written,What language did XXX speak?,Welche Sprache hat XXX gesprochen?
P1412,languages spoken or written,The nationality of XXX?,Die Nationalität von XXX?
P1412,languages spoken or written,What was XXX's language?,Was war die Sprache von XXX?
P1412,languages spoken or written,Which was the nationality of XXX?,
P1412,languages spoken or written,What was XXX's nationality?,
P1412,languages spoken or written,What nationality of XXX?,
P118,league,The team XXX is a member of which sports league?,Zu welcher Sportliga gehört das Team XXX?
P118,league,Which soccer league is XXX in?,In welcher Fußballliga ist XXX?
P118,league,What football league is XXX a part of?,Zu welcher Fußballliga gehört XXX?
P118,league,What league does XXX participate in?,An welcher Liga nimmt XXX teil?
P118,league,Which league did XXX join with?,Zu welcher Liga ist XXX beigetreten?
P118,league,Which is the league of XXX?,Was ist die Liga von XXX?
P118,league,What league did XXX play in the top league for?,In welcher ersten Liga spielte XXX?
P118,league,What league was XXX?,Welche Liga war XXX?
P275,license,Which is the license of XXX?,Was ist die Lizenz von XXX?
P1408,licensed to broadcast to,What city is XXX located?,In welcher Stadt befindet sich XXX?
P1408,licensed to broadcast to,What town or city does XXX serve?,Welche Stadt bedient XXX?
P1408,licensed to broadcast to,What town is XXX liscensed in?,In welcher Stadt ist XXX lizensiert?
P131,located in the administrative territorial entity,What state is XXX located?,In welchem Bundesstaat oder Bundesland befindet sich XXX?
P131,located in the administrative territorial entity,Which state is XXX located?,
P131,located in the administrative territorial entity,In which state is XXX located?,
P131,located in the administrative territorial entity,What is the name of the state where XXX is located?,"Wie heißt das Bundesland, in dem sich XXX befindet?"
P206,located next to body of water,What body of water was XXX next to?,Neben welchen Gewässer befand sich XXX?
P206,located next to body of water,Which is the body of water by XXX?,An oder bei welchem Gewässer befindet sich XXX?
P206,located next to body of water,By which body of water is XXX located?,
P376,located on astronomical body,On what moon or planet can XXX be found?,Auf welchem Mond oder Planeten befindet sich XXX?
P376,located on astronomical body,On what planet is XXX on?,
P376,located on astronomical body,What is the astronomical body that XXX is located on?,
P376,located on astronomical body,On what celestial body is XXX located?,Auf welchem Himmelskörper befindet sich XXX?
P376,located on astronomical body,Which planet is XXX located?,Auf welchem Planeten befindet sich XXX?
P376,located on astronomical body,What celestial body can XXX be found on?,
P376,located on astronomical body,The astronomical body that XXX is on is what?,"Was ist der astronomische Körper, auf dem sich XXX befindet?"
P376,located on astronomical body,Where is XXX found?,Wo ist XXX gefunden?
P376,located on astronomical body,The astronomical body that XXX was located on was what?,"Was war der astronomische Körper, auf dem sich XXX befand?"
P740,location of formation,From what city is the band XXX?,Aus welcher Stadt stammt die Band XXX?
P740,location of formation,What is the city of origin of XXX?,
P740,location of formation,What city was XXX formed in?,
P740,location of formation,In what city or state did the formation of XXX occur?,In welcher Stadt oder in welchem Bundesland erfolgte die Bildung von XXX?
P740,location of formation,What city is the band XXX from?,
P740,location of formation,What was the name of the city or state where XXX was formed?,"Wie hieß die Stadt oder das Bundesland, in dem XXX gegründet wurde?"
P740,location of formation,What is the home city of XXX?,Was ist die Heimatstadt von XXX?
P676,lyrics by,Whose song is XXX?,Wessen Lied ist XXX?
P676,lyrics by,Which artist is known for writing XXX?,"Welcher Künstler oder welche Künstlerin ist dafür bekannt, XXX zu geschrieben zu haben?"
P676,lyrics by,What artist created XXX?,Welcher Künstler hat XXX geschaffen?
P676,lyrics by,The song XXX was by whom?,Von wem ist das Lied XXX?
P676,lyrics by,Who was the writter of XXX?,Wer war der Verfasser von XXX?
P676,lyrics by,Who was the songwriter of XXX?,Wer hat das Lied XXX geschrieben?
P676,lyrics by,Whose work was XXX?,Wessen Arbeit war XXX?
P676,lyrics by,Who recorded XXX?,Wer hat XXX aufgenommen?
P676,lyrics by,What is the name of the singer or writer of XXX?,Wie hat XXX verfasst oder gesungen?
P676,lyrics by,Who are the XXX lyrics by?,Von wem stammt der Text zu XXX?
P676,lyrics by,The track XXX was by who?,Von wem stammt das Lied XXX?
P1196,manner of death,Was the death of XXX an accident or suicide?,War der Tod von XXX ein Unfall oder Selbstmord?
P1196,manner of death,What cause of death was listed for XXX?,Welche Todesursache wurde für XXX aufgeführt?
P1196,manner of death,"In one word, how did XXX die?","In einem Wort, wie ist XXX gestorben?"
P176,manufacturer,Which corporation was XXX created by?,Von welcher Firma wurde XXX produziert?
P176,manufacturer,Who made XXX?,Wer hat XXX hergestellt?
P176,manufacturer,Which is the manufacturer of XXX?,Wer ist der Hersteller von XXX?
P176,manufacturer,Which was the manufacturer of XXX?,Wer war der Hersteller von XXX?
P176,manufacturer,Which corporation created XXX?,Welche Firma hat XXX hergestellt?
P176,manufacturer,Which company manufactured XXX?,Welches Unternehmen hat XXX hergestellt?
P176,manufacturer,What company built XXX?,Welche Firma hat XXX gebaut?
P176,manufacturer,The XXX was produced by whom?,YYY XXX wurde von wem produziert?
P176,manufacturer,Which company is known as the manufacturer of XXX?,Welches Unternehmen ist als Hersteller von XXX bekannt?
P176,manufacturer,What company manufactures XXX?,Welches Unternehmen stellt XXX her?
P176,manufacturer,What company makes XXX?,Welche Firma macht XXX?
P176,manufacturer,The manufacturer of XXX was who?,Der Hersteller von XXX war wer?
P176,manufacturer,"By which company, XXX has been manufactured?",Von welcher Firma wurde XXX hergestellt?
P186,material used,What material was used for XXX?,Welches Material wurde für XXX verwendet?
P186,material used,What is the surface of XXX made of?,Woraus besteht die Oberfläche von XXX?
P1050,medical condition,What medical condition did XXX have at the end of his life?,Welchen Gesundheitszustand hatte XXX am Ende YYY Lebens?
P1050,medical condition,What disease caused the death of XXX?,Welche Krankheit hat den Tod von XXX verursacht?
P1050,medical condition,What was XXX's medical condition near the end of his life?,Was war der Gesundheitszustand von XXX am Ende YYY Lebens?
P1050,medical condition,Which medical condition does XXX suffer from?,Unter welcher Krankheit leidet XXX?
P1050,medical condition,What illness did XXX suffer from?,An welcher Krankheit hat XXX gelitten?
P1050,medical condition,What medical condition did XXX have?,Welche Krankheit hatte XXX?
P1050,medical condition,What medical condition does XXX have?,Welche Krankheit hat XXX?
P1050,medical condition,What led to XXX's death?,Was hat zum Tod von XXX geführt?
P1050,medical condition,What was the sickness that killed XXX?,"Was war die Krankheit, die XXX getötet hat?"
P1050,medical condition,What disease did XXX contract?,Welche Krankheit hat XXX erlitten?
P1050,medical condition,What illness negatively impacted XXX?,Welche Krankheit hat XXX negativ beeinflusst?
P1050,medical condition,What disease was a factor in the death of XXX?,Welche Krankheit spielte eine Rolle beim Tod von XXX?
P1050,medical condition,What disease did XXX suffer from?,
P1050,medical condition,What diseased did XXX struggle with?,Mit welcher Krankheit hatte XXX zu kämpfen?
P1050,medical condition,Which medical condition afflicts XXX?,
P1050,medical condition,What medical condition was XXX suffering from?,Unter welcher Krankheit litt XXX?
P102,member of political party,What political party is XXX part of?,Zu welcher politischen Partei gehört XXX?
P102,member of political party,Which political party was XXX a member of?,In welcher politischen Partei war XXX Mitglied?
P102,member of political party,What political party is XXX a memeber of?,
P102,member of political party,What was the political party of XXX?,Was war die politische Partei von XXX?
P102,member of political party,From which political party is XXX?,Von welcher politischen Partei ist XXX?
P102,member of political party,What party does XXX serve?,Welcher Partei dient XXX?
P102,member of political party,Which political party was XXX in?,In welcher politischen Partei war XXX?
P54,member of sports team,What was the name of XXX's team?,Wie hieß das Team von XXX?
P54,member of sports team,What team does XXX play for?,Für welches Team spielt XXX?
P54,member of sports team,Which team is XXX a member of?,In welchem Team ist XXX Mitglied?
P54,member of sports team,What team is XXX affiliated with?,Mit welchem Team ist XXX verbunden?
P54,member of sports team,What is the team that XXX is associated with?,
P54,member of sports team,What is the name of XXX's team?,Wie heißt das Team von XXX?
P54,member of sports team,Which sports team is XXX a member of?,Welcher Sportmannschaft gehört XXX an?
P54,member of sports team,What sports team was XXX a member of?,Welcher Sportmannschaft gehörte XXX an?
P54,member of sports team,Player XXX plays for what team?,Der Spieler/die Spielerin XXX spielt für welches Team?
P54,member of sports team,For which sports team does XXX play?,Für welche Sportmannschaft spielt XXX?
P54,member of sports team,What is the name of the sports team whose member is XXX?,"Wie heißt die Sportmannschaft, deren Mitglied XXX ist?"
P54,member of sports team,What was XXX's team?,Was war das Team von XXX?
P54,member of sports team,Which sports team is XXX playing for?,
P241,military branch,What military was XXX a part of?,In welcher Armee diente XXX?
P241,military branch,Which armed forces utilised the service of XXX?,Welche Streitkräfte haben den Dienst von XXX in Anspruch genommen?
P241,military branch,Which armed forces did XXX serve?,Welchen Streitkräften diente XXX?
P241,military branch,What armed force did XXX serve in?,In welcher Streitmacht diente XXX?
P241,military branch,What army was XXX a part of?,Zu welcher Armee gehörte XXX?
P241,military branch,What military organization did XXX belong to?,Zu welcher militärischen Organisation gehörte XXX?
P241,military branch,What military branch was XXX in?,In welchem Militärzweig war XXX?
P241,military branch,What armed force was XXX in?,In welcher Streitmacht war XXX?
P241,military branch,In what military organization did XXX serve?,In welcher militärischen Organisation diente XXX?
P241,military branch,With which military branch did XXX serve with?,Mit welchem Militärzweig diente XXX?
P241,military branch,In what military branch did XXX serve?,In welchem Militärzweig diente XXX?
P241,military branch,Which military did XXX serve with?,Mit welchem Militär hat XXX gedient?
P241,military branch,With which military branch did XXX hold a command?,In welchem Militärzweig war XXX ein Befehlshaber?
P241,military branch,Which military branch is XXX a part of?,Zu welchem Militärzweig gehört XXX?
P241,military branch,Who did XXX serve for?,Wem diente XXX?
P241,military branch,What army did XXX serve in?,In welcher Armee hat XXX gedient?
P241,military branch,What military branch was XXX associated with?,Mit welchem militärischen Zweig war XXX verbunden?
P241,military branch,What military branch did XXX belong to?,Welchem Militärzweig gehörte XXX an?
P241,military branch,What was the military branch for XXX?,Was war der Militärzweig für XXX?
P241,military branch,To which branch did XXX belong?,Zu welcher Branche gehörte XXX?
P241,military branch,What organization was XXX involved with?,An welcher Organisation war XXX beteiligt?
P241,military branch,Which entity was XXX a part of?,Von welcher Entität war XXX ein Teil?
P241,military branch,What military branch is XXX?,Welcher Militärzweig ist XXX?
P241,military branch,What military branch did XXX serve?,Welchem Militärzweig diente XXX?
P241,military branch,What branch was XXX part of?,
P241,military branch,What armed force was XXX a part of?,Zu welcher Streitmacht gehörte XXX?
P410,military rank,What along with privateer was XXX's military rank?,Was war neben dem Privatisten der militärische Rang von XXX?
P410,military rank,What ranking did XXX hold in the military?,Welchen Rang hatte XXX im Militär?
P25,mother,The person that is the mother of XXX is who?,Wer ist die Mutter von XXX?
P25,mother,What was the name of XXX mother?,Wie hieß die Mutter von?
P25,mother,Who is the mother of XXX?,
P25,mother,Who was XXX's mother?,
P25,mother,Which lady gave birth to XXX?,Wer hat XXX auf die Welt gebracht?
P25,mother,Who was the mother of XXX?,
P25,mother,Who is XXX's mother?,
P25,mother,Which lady XXX was born to?,
P25,mother,The mother of XXX is whom?,
P403,mouth of the watercourse,What is XXX a tributary of?,YYY XXX ist ein Nebenfluss welchen Flusses?
P403,mouth of the watercourse,What river does XXX turn into?,In welchen Fluss fließt YYY XXX?
P403,mouth of the watercourse,What river is XXX a tributary of?,
P403,mouth of the watercourse,What does XXX flow into?,Worin mündet YYY XXX?
P403,mouth of the watercourse,What river does XXX form a part of?,
P403,mouth of the watercourse,Which river system contains XXX?,
P403,mouth of the watercourse,What river does XXX connect to?,In welchen Fluss mündet YYY XXX?
P403,mouth of the watercourse,Of what river is XXX a tributary?,
P403,mouth of the watercourse,What body of water does XXX join?,In welches Gewässer mündet YYY XXX?
P403,mouth of the watercourse,The body of water that XXX is near is what?,Welches Gewässer befindet sich in der Nähe von XXX?
P138,named after,Who is the XXX named after?,Nach wem wurder YYY XXX benannt?
P138,named after,What is XXX named after?,Wonach ist YYY XXX benannt?
P138,named after,Whom is XXX named after?,
P138,named after,The XXX was named for whom?,
P840,narrative location,Which place is XXX in?,An oder bei welchem Ort befindet sich XXX?
P840,narrative location,Which place does XXX exist in?,Wo gibt es XXX?
P103,native language,What was the native language of XXX?,
P103,native language,What nationality was XXX?,Welche Nationalität hatte XXX?
P103,native language,What is the native tongue of XXX?,
P103,native language,What is the language of XXX?,
P103,native language,The nationality of XXX was what?,Was war die Nationalität von XXX?
P103,native language,The nationality of XXX is?,Was ist die Nationalität von XXX?
P103,native language,Which ethnic group does XXX belong?,
P103,native language,What is the native language of XXX?,
P103,native language,What is the national identity of XXX?,
P53,noble family,What family lineage was XXX part of?,Zu welchem Familiengeschlecht gehörte XXX?
P53,noble family,What was the noble family that XXX was from?,
P53,noble family,What noble family was XXX part of?,
P97,noble title,What noble title does XXX hold?,Welchen Adelstitel hält XXX?
P97,noble title,What was the title that XXX held?,Welchen Adelstitel hielt XXX?
P1411,nominated for,What award was XXX nominated for?,
P1411,nominated for,What was XXX nominated for?,
P466,occupant,What team uses XXX?,
P106,occupation,What was XXX's occupation?,
P106,occupation,What kind of  occupation does XXX have?,
P106,occupation,What was XXX's career?,Welchen Beruf übte XXX aus?
P306,operating system,What is the operating system used with XXX?,
P449,original network,What original network is XXX on?,Auf welchem Sender wurde XXX ursprünglich ausgestrahlt?
P449,original network,What broadcasting company aired XXX?,
P449,original network,On what channel did XXX first air?,
P449,original network,What is the original channel that XXX played on?,
P449,original network,Who broadcasted XXX?,
P449,original network,Which was the network that originally hosted XXX?,
P449,original network,Which network plays XXX?,Welcher Sender strahlt XXX aus?
P449,original network,What was the original network for XXX?,
P449,original network,What was XXX's original network?,
P449,original network,What network hosts XXX?,
P449,original network,The show XXX originally aired on what network?,Auf welchem Sender wurde die Sendung XXX ursprünglich ausgestrahlt?
P449,original network,On what channel did XXX first appear?,
P449,original network,On what network did XXX first play?,
P449,original network,Which network does XXX appear on?,
P449,original network,Where network aired XXX?,
P449,original network,What network did XXX originally appear on?,
P449,original network,What network is XXX associated with?,Mit welchem Sender verbindet man XXX?
P449,original network,Which channel broadcast XXX?,
P449,original network,What was the station that aired XXX?,
P449,original network,What was the first network that XXX was on?,
P449,original network,What network did XXX air on?,Auf welchem Sender wurde XXX ausgestrahlt?
P449,original network,Which network is XXX a part of?,Zu welchem Rundfunknetzwerk gehört XXX?
P449,original network,Which is the original network of XXX?,
P449,original network,What network first aired XXX?,
P449,original network,What network does XXX air on?,
P449,original network,Which network broadcasted XXX?,Welcher Sender strahlte XXX aus?
P449,original network,What network broadcast XXX?,
P449,original network,What is the original network of XXX?,
P449,original network,Which original network is part of XXX?,Welches Rundfunknetzwerk gehört zu XXX?
P449,original network,What station did XXX premier?,
P449,original network,Which network is XXX available on?,Auf welchem Sender ist XXX verfügbar?
P449,original network,What was the original network of XXX?,
P449,original network,What network aired XXX?,
P449,original network,Where can you find the show XXX?,
P449,original network,What channel aired XXX?,
P749,parent company,What is XXX's parent company?,Was ist die Muttergesellschaft von XXX?
P749,parent company,Which company is the parent company of XXX?,Welches Unternehmen ist die Muttergesellschaft von XXX?
P749,parent company,What company is XXX part of?,Welchem Unternehmen gehört XXX an?
P171,parent taxon,Which family does XXX belong to?,Zu welcher Familie gehört XXX?
P171,parent taxon,The genus XXX is a part of what family?,Zu welcher Familie gehört die Gattung XXX an?
P171,parent taxon,Which family is XXX a part of?,
P171,parent taxon,Which was the family of XXX?,Zu welcher Familie gehörte XXX?
P171,parent taxon,What kind of family is XXX of?,Zu welcher Art Familie gehört XXX?
P171,parent taxon,What family does XXX belong?,
P1344,participant of,What was the competition XXX was in?,"Was war der Wettbewerb, an dem XXX teilgenommen hat?"
P1344,participant of,What event was XXX a part of?,An welcher Veranstaltung war XXX beteiligt?
P1344,participant of,What olympics was XXX?,Welche Olympiade war XXX?
P1344,participant of,What olympics did XXX participate in?,An welchen Olympischen Spielen hat XXX teilgenommen?
P1344,participant of,Which event was XXX participant of?,An welcher Veranstaltung nahm XXX teil?
P1344,participant of,What event did XXX participate in?,
P1344,participant of,Which olympics did XXX compete?,
P1344,participant of,Which event did XXX participate in?,
P1344,participant of,Which olympics was XXX?,
P175,performer,Who was the artiste for XXX?,
P175,performer,Who sang XXX?,Wer hat XXX gesungen?
P175,performer,Which performer released XXX as it's album?,
P175,performer,What is the name of the artist or group which originally performed XXX?,"Wie heißt der Künstler oder die Gruppe, die XXX ursprünglich aufgeführt hat?"
P175,performer,Whose performance is XXX?,Wer performte XXX?
P175,performer,Who sang or played XXX?,Wer hat XXX gesungen oder gespielt?
P175,performer,Who released XXX album?,Wer veröffentlichte das Album XXX?
P175,performer,Which performer released the album XXX?,welche Künstlerin veröffentlichte das Album XXX?
P175,performer,Which artist or group performed XXX?,Welcher Künstler oder Gruppe spielte XXX?
P175,performer,What was XXX's performers name?,Wie war der Name der Künsterlin hinter XXX?
P175,performer,What is the name of the performer that released the album XXX?,"Wie heißt der Künstler, der das Album XXX veröffentlichte?"
P175,performer,What artist released XXX?,Welcher Künstler hat XXX veröffentlicht?
P175,performer,To which performer does the album XXX belong?,Zu welchem Performer gehört das Album XXX?
P175,performer,Who was the performer of XXX?,Wer war der Darsteller von XXX?
P175,performer,Who is the performer of XXX?,Wer ist der Darsteller von XXX?
P175,performer,The song or album XXX came from which artiste?,Von welchem Künstler stammt das Lied oder Album XXX?
P175,performer,Who is the artist of XXX?,
P175,performer,Who performed XXX?,Wer hat XXX aufgeführt?
P175,performer,Who originally recorded XXX?,
P175,performer,Which singer-songwriter  is XXX the fifth studio album of?,XXX ist das Studioalbum welchen Singer-Songwriters?
P175,performer,Which artist is XXX co-written and recorded by?,Welche andere Künstlerin schreibt Lieder für und nimmt XXX auf?
P175,performer,Which performer released XXX?,
P175,performer,The song XXX is by what artist?,Von welcher Künstlerin ist das Lied XXX?
P19,place of birth,In what city was XXX born?,In welcher Stadt wurde XXX geboren?
P19,place of birth,Which city was the birthplace of XXX?,
P19,place of birth,What city was XXX born in?,
P19,place of birth,In what city was XXX born in?,
P19,place of birth,What is the name of the city XXX was born in?,"Wie heißt die Stadt, in der XXX geboren wurde?"
P19,place of birth,What city was XXX born?,
P19,place of birth,What is the birth place of  XXX?,Was ist der Geburtsort von XXX?
P19,place of birth,What is XXX's birthplace?,
P19,place of birth,What is the birthplace of XXX?,
P19,place of birth,What was XXX's city of birth?,Was war die Geburtsstadt von XXX?
P19,place of birth,What is the city of birth of XXX?,Was ist die Geburtsstadt von XXX?
P19,place of birth,Where was XXX born?,Wo wurde XXX geboren?
P19,place of birth,What is the place of birth of XXX?,
P19,place of birth,Where was XXX born in?,
P119,place of burial,What cemetery is XXX located in?,Auf welchem Friedhof befindet sich XXX?
P119,place of burial,What cemetery is XXX buried in?,Auf welchem Friedhof ist XXX begraben?
P119,place of burial,What cemetery was XXX baried in?,
P119,place of burial,What cemetery was XXX buried ar?,
P119,place of burial,In which cemetary is XXX buried?,
P119,place of burial,What is the place of burial of XXX?,Was ist der Ort der Bestattung von XXX?
P119,place of burial,What  is the place of burial for XXX?,Was ist der Begräbnisort für XXX?
P119,place of burial,Where was XXX burried?,Wo wurde XXX begraben?
P119,place of burial,Where was the body of XXX buried?,Wo war der Körper von XXX begraben?
P119,place of burial,The final resting place of XXX is at what cemetery?,Die letzte Ruhestätte von XXX ist auf welchem Friedhof?
P119,place of burial,At what cemetery is XXX buried?,Auf welchem Friedhof ist XXX begraben?
P119,place of burial,What is the name of the cemetery that XXX was buried at?,"Wie heißt der Friedhof, auf dem XXX begraben wurde?"
P20,place of death,At what location did XXX die?,An welcher Stelle starb XXX?
P20,place of death,In what place did XXX die?,Wo ist XXX gestorben?
P20,place of death,Where did XXX live when he died?,"Wo hat XXX gelebt, als er starb?"
P20,place of death,What city did XXX live when he died?,"In welcher Stadt lebte XXX, als er starb?"
P20,place of death,In what city did XXX die?,In welcher Stadt ist XXX gestorben?
P585,point in time,What date is associated with XXX?,Welches Datum ist mit XXX verbunden?
P585,point in time,When did XXX occurr?,Wann geschah YYY XXX?
P585,point in time,The point in time of XXX was when?,
P585,point in time,What was the date of XXX?,An welchem Datum geschah YYY XXX?
P585,point in time,The date of XXX?,
P585,point in time,On what date did XXX occur?,
P585,point in time,The point in time of XXX was what?,Der Zeitpunkt von XXX war was?
P585,point in time,On what date did XXX take place?,An welchem Datum fand XXX statt?
P585,point in time,The date of XXX was what?,Das Datum von XXX war was?
P585,point in time,What is the full date that XXX crashed on?,"Was ist das vollständige Datum, an dem XXX abgestürzt ist?"
P585,point in time,What is the date when XXX happened?,Wann ist XXX passiert?
P585,point in time,When did XXX occur?,Wann ist XXX aufgetreten?
P39,position held,What is the position of XXX?,Was ist die Position von XXX?
P39,position held,Which position was held by XXX?,Welche Position wurde von XXX gehalten?
P39,position held,Which was the position that XXX held?,Welche Position hatte XXX?
P413,position played on team / speciality,Which player position has been assigned to XXX?,
P413,position played on team / speciality,What was the position of XXX?,
P413,position played on team / speciality,What role does XXX play in football?,
P413,position played on team / speciality,What is the position XXX plays in football?,Welche Position spielt XXX?
P413,position played on team / speciality,What is XXX's position in football?,
P413,position played on team / speciality,In which position does XXX play?,Auf welcher Position spielt XXX?
P413,position played on team / speciality,What was XXX's position?,Welche Position spielte XXX?
P413,position played on team / speciality,What position was played by XXX?,Welche Position hat XXX gespielt?
P413,position played on team / speciality,What  is XXX's position on the field while playing football?,Wie steht XXX beim Fußballspielen auf dem Feld?
P413,position played on team / speciality,What was XXX specialty in their profesisonal sport?,Was war XXX-Spezialität in ihrem Profisport?
P413,position played on team / speciality,What position does XXX play on the field?,Welche Position spielt XXX auf dem Feld?
P413,position played on team / speciality,What football position did XXX play?,Welche Fußballposition hat XXX gespielt?
P413,position played on team / speciality,In what capacity did XXX play football?,In welcher Eigenschaft hat XXX Fußball gespielt?
P413,position played on team / speciality,"In football, which position does XXX play?",Welche Position spielt XXX im Fußball?
P413,position played on team / speciality,At what position on the field did XXX play football?,An welcher Stelle auf dem Feld spielte XXX Fußball?
P413,position played on team / speciality,What position did XXX play?,
P413,position played on team / speciality,Which player position has been associated with XXX?,Welche Spielerposition wurde mit XXX verbunden?
P413,position played on team / speciality,What position does XXX play?,
P413,position played on team / speciality,What position did XXX play in football?,Welche Position hat XXX im Fußball gespielt?
P413,position played on team / speciality,What is the football position of XXX?,Was ist die Fußballposition von XXX?
P413,position played on team / speciality,What is the position that XXX plays called?,"Wie heißt die Position, die XXX spielt?"
P413,position played on team / speciality,What position in football did XXX play?,Welche Position im Fußball spielte XXX?
P413,position played on team / speciality,Which player position does XXX belong to?,Zu welcher Spielerposition gehört XXX?
P413,position played on team / speciality,Which is the position of XXX?,Welches ist die Position von XXX?
P413,position played on team / speciality,What field position does XXX play?,Welche Feldposition spielt XXX?
P413,position played on team / speciality,What position is played by XXX?,
P413,position played on team / speciality,What is the name of XXX's position?,Wie heißt die Position von XXX?
P413,position played on team / speciality,What position did XXX have on the rugby field?,
P1441,present in work,What show is XXX from?,In welcher Show war XXX zu sehen?
P1441,present in work,The appearance of XXX is seen in what work?,
P1441,present in work,What fictional work does XXX exist in?,In welchem fiktionalen Werk tritt XXX auf?
P1441,present in work,Which show is XXX in?,In welcher show tritt XXX auf?
P1441,present in work,In what fictional work would you find a character named XXX?,
P1441,present in work,To which fictional work does XXX appear in?,
P1441,present in work,What work of fiction is XXX located in?,
P1441,present in work,In which fictional work is XXX a character?,
P1441,present in work,What piece of fiction does XXX appear in?,
P1441,present in work,To which fictional work does XXX belong in?,
P1056,product,What type of product does XXX produce?,Welche Art von Produkt stellt XXX her?
P1056,product,What is the product of XXX?,Was produziert XXX?
P1056,product,What is the product made by XXX?,Von wem wird XXX hergestellt?
P1056,product,What product does XXX produce?,
P1056,product,What product does XXX make?,
P1056,product,The product of XXX is what?,
P272,production company,What production company or companies created XXX?,Welche Firma hat XXX hergestellt?
P272,production company,What production company was involved in XXX?,Welche Produktionsfirma war an YYY XXX beteiligt?
P272,production company,Which production company is involved with XXX?,
P272,production company,What studio produced XXX?,
P272,production company,The production company responsible for XXX is what?,
P277,programming language,Which programming language is XXX written in?,
P277,programming language,What programming language was used to write XXX?,In welcher Programmiersprache wurde XXX geschrieben?
P277,programming language,What is the programming language for XXX?,In welcher Programmiersprache ist XXX geschrieben?
P577,publication date,Which year is XXX released?,In welchem Jahr wurde YYY XXX veröffentlicht?
P577,publication date,Which was the year of XXX?,Was ist das Veröffentlichungsjahr von XXX?
P577,publication date,When was XXX released?,Wann wurde XXX veröffentlicht?
P577,publication date,What year was XXX released?,
P577,publication date,What was the year of XXX?,
P577,publication date,What is the year that XXX was released?,
P577,publication date,The year that XXX was made was what?,
P577,publication date,In what year was XXX released?,
P577,publication date,In what year is the film XXX released?,
P577,publication date,What year did XXX come out?,
P577,publication date,What year was XXX made?,
P577,publication date,What was the year of publication for XXX?,
P577,publication date,Which was the year XXX was made?,
P577,publication date,Which was the publication date of XXX?,
P577,publication date,Which is the publication date of XXX?,
P577,publication date,When did XXX come out?,Wann kam XXX heraus?
P577,publication date,What year was XXX realeased in?,
P577,publication date,What was the year in which XXX was made?,
P577,publication date,What was the release year of XXX?,
P577,publication date,The year of XXX was what?,
P577,publication date,The date of publication for XXX was what?,
P577,publication date,When was XXX made?,
P577,publication date,When was XXX in theaters?,
P577,publication date,What was the publication year of XXX?,
P577,publication date,What is the publication year of XXX?,
P577,publication date,What is the publication date of XXX?,Was ist das Veröffentlichungsdatum von XXX?
P577,publication date,The publication date of XXX is what?,
P577,publication date,In what year was XXX published?,
P577,publication date,When was XXX published?,
P123,publisher,Who was the publisher of XXX?,Wer war der Herausgeber von XXX?
P123,publisher,What is the name of the publisher of XXX?,Wie heißt der Herausgeber von XXX?
P123,publisher,The publisher that published XXX is what?,"Wer ist der Herausgeber, der XXX veröffentlicht hat?"
P123,publisher,Who published XXX?,Wer hat XXX herausgegeben?
P123,publisher,What company published XXX?,
P123,publisher,What business published XXX?,
P123,publisher,What is the publisher of XXX?,
P264,record label,What was the record label of XXX?,Was war das Plattenlabel von XXX?
P264,record label,Which was the record label for XXX?,Welche Plattenfirma hat XXX herausgegeben?
P264,record label,What is the name of XXX's record label?,Wie heißt das Plattenlabel von XXX?
P264,record label,What label was responsible for XXX?,
P611,religious order,To which religious order did XXX belong?,Zu welcher religiösen Ordnung gehörte XXX?
P611,religious order,What group was XXX a member of?,
P1366,replaced by,Which replaced the XXX?,Was ersetzte YYY XXX?
P1366,replaced by,What was replaced XXX?,Was wurde durch YYY XXX ersetzt?
P1366,replaced by,By what was XXX replaced?,Durch was wurde XXX ersetzt?
P551,residence,What city is XXX from?,Aus welcher Stadt stammt XXX?
P551,residence,What city is XXX associated with?,
P58,screenwriter,What is the name of the director who directed XXX?,Wer führte Regie bei XXX?
P58,screenwriter,Which was the director of XXX?,Welches war der Direktor von XXX?
P58,screenwriter,The movie XXX was directed by whom?,
P58,screenwriter,The film XXX was directed by whom?,
P58,screenwriter,Who was the main director of XXX?,Wer war die Regisseurin von XXX?
P58,screenwriter,In which XXX a 1909 american silent drama film directed by?,
P58,screenwriter,The person that directed XXX was what?,
P58,screenwriter,Which person directed XXX?,
P179,series,What series is XXX from?,
P179,series,Which show does XXX appear on?,In welcher Fernsehserie erscheint XXX?
P179,series,What is the series called that XXX belongs to?,Zu welcher Serie gehört XXX?
P179,series,Of what series is XXX a part of?,
P179,series,To which series does XXX belong?,
P179,series,Which series was XXX in?,
P179,series,Which series is XXX a part of?,
P179,series,What is the series that XXX is a part of?,
P179,series,The XXX was in what series?,
P179,series,The XXX is part of a what series?,
P179,series,Which series is XXX apart of?,
P179,series,What series is the episode XXX part of?,
P179,series,What series is XXX part of?,
P179,series,What series is XXX in?,
P179,series,What series is XXX a part of?,
P729,service entry,What was the year XXX entered service?,In welchem Jahr trat XXX der Armee bei?
P729,service entry,In what year did XXX enter service?,
P729,service entry,What year is XXX associated with?,Mit welchem Jahr ist XXX verbunden?
P729,service entry,What year was XXX commissioned?,In welchem Jahr wurde XXX in Auftrag gegeben?
P729,service entry,What year did XXX come into use?,
P729,service entry,What year was XXX introduced?,
P729,service entry,Which was the official year for the approval of XXX?,
P729,service entry,What year was the service entry date for XXX?,
P729,service entry,What was the year that XXX entered service?,
P729,service entry,In which year was the service entry date for XXX?,
P21,sex or gender,Which was the gender of XXX?,
P21,sex or gender,Which sex is XXX?,
P21,sex or gender,Which describes the sex or gender of XXX?,
P21,sex or gender,What was the gender of XXX?,
P21,sex or gender,What was XXX's gender?,
P21,sex or gender,What is the gender of XXX?,
P21,sex or gender,What is the gender XXX is known by?,
P21,sex or gender,What is the gender XXX is associated with?,
P21,sex or gender,What is XXX's sex?,
P21,sex or gender,What gender was XXX?,Welches Geschlecht hat XXX?
P21,sex or gender,What gender is XXX?,
P21,sex or gender,What gender class does XXX belong to?,
P21,sex or gender,Was XXX male or female?,
P21,sex or gender,The sex or gender of XXX is what?,
P21,sex or gender,The gender of XXX is what?,
P21,sex or gender,Which gender does XXX belong to?,
P21,sex or gender,What gender is XXX of?,
P21,sex or gender,What is XXX's gender?,
P21,sex or gender,Which sex or gender can XXX be described as?,
P21,sex or gender,What is the sex of XXX?,
P21,sex or gender,Is XXX a male or female?,
P21,sex or gender,What is the sex or gender of XXX?,
P21,sex or gender,Which gender is XXX?,
P21,sex or gender,What sex is XXX?,
P9,sister,Who is XXX's sister?,Wer ist die Schwester von XXX?
P9,sister,Which woman was the sister of XXX?,
P65,site of astronomical discovery,At what observatory or station was XXX discovered?,An welcher Sternwarte oder von welchem Teleskop wurde YYY XXX entdeckt?
P65,site of astronomical discovery,What observatory or station found XXX?,Welche Sternwarte oder welchesTeleskop entdeckte YYY XXX?
P65,site of astronomical discovery,What observatory or station is XXX associated with?,Mit welcher Sternwarte verbindet man XXX?
P65,site of astronomical discovery,At what observatory was XXX discovered?,
P65,site of astronomical discovery,At which observatory was XXX discovered?,
P65,site of astronomical discovery,What observatory is XXX associated with?,
P65,site of astronomical discovery,What observatory did scientists use to find XXX?,
P65,site of astronomical discovery,Where was the discovery of XXX made?,
P65,site of astronomical discovery,In which labboratory was XXX discovered?,
P641,sport,Which sport is XXX associated with?,
P641,sport,Which sport does/did XXX play?,Welchen Sport übte XXX aus?
P641,sport,To which sports is XXX related?,
P641,sport,What sport did XXX play?,Welche Sportart übte XXX aus?
P641,sport,What was the sport played by XXX?,
P641,sport,Which sport is associated with XXX?,
P641,sport,Which sport did XXX play?,
P641,sport,What sport is XXX known for playing professionally?,Welchen Sport übte XXX professionell aus?
P641,sport,What sport is XXX associated with?,
P641,sport,Athlete XXX is known for what sport?,
P641,sport,What sport does XXX play?,Welche Sportart übt XXX aus?
P641,sport,What's XXX sport?,
P641,sport,With which sports is XXX associated?,
P641,sport,What is XXX's sport?,
P641,sport,Which sport has connection with XXX?,
P641,sport,What is XXX's sport of choice?,
P641,sport,The sport XXX is associated with is?,
P641,sport,Which sport does XXX practice?,
P641,sport,With what sport does XXX work with?,
P26,spouse,What is XXX's spouse's name?,Wie heißt der Ehepartner von XXX?
P26,spouse,What is XXX's spouse's name?,
P1462,standards body,Who set the standards for XXX?,Wer etablierte den Standard für YYY XXX?
P580,start time,What year did XXX start?,In welchem Jahr begann YYY XXX?
P414,stock exchange,What stock exchange is most closely associated with XXX?,
P414,stock exchange,Which exchange is XXX on?,An welcher Börse ist XXX gelistet?
P414,stock exchange,Which stock exchange was XXX affiliated with?,
P414,stock exchange,What stock exchange is XXX on?,
P414,stock exchange,What stock exchange is XXX associated with?,
P414,stock exchange,Which exchange is XXX listed with?,
P414,stock exchange,To which stock exchange does XXX belong?,
P414,stock exchange,Which stock exchange did XXX go public on?,An welcher Börse wurde XXX zuerst gelistet?
P414,stock exchange,Which exchange trades XXX?,An welcher Börse wird XXX gelistet?
P105,taxon rank,Is the taxon rank of XXX species or genus?,Welche taxonomische Kategorie hat die Spezies oder Gattung XXX?
P105,taxon rank,Is XXX a genus or species?,Ist XXX eine Gattung oder eine Art?
P575,time of discovery,When was XXX discovered or created?,Wann wurde YYY XXX entdeckt oder erfunden?
P575,time of discovery,At which time was XXX discovered?,
P575,time of discovery,What year was XXX found?,In welchem Jahr wurde YYY XXX entdeckt?
P575,time of discovery,What year was XXX discovered?,
P575,time of discovery,The XXX was discovered in what year?,
P575,time of discovery,When was XXX found or made?,
P575,time of discovery,When was the discovery of XXX?,
P575,time of discovery,When was XXX first discovered?,
P575,time of discovery,When did XXX get discovered?,
P575,time of discovery,When was the XXX discovered?,Wann wurde YYY XXX entdeckt?
P575,time of discovery,What is the year XXX discovered?,
P575,time of discovery,When does the XXX discovered?,
P575,time of discovery,When was XXX found?,
P575,time of discovery,When was XXX discovered?,
P575,time of discovery,When does the XXX found?,Wann findet YYY XXX?
P575,time of discovery,When did the discovery or creation of XXX occur?,
P575,time of discovery,What time was XXX found?,
P575,time of discovery,What is the full date of discovery for XXX?,
P575,time of discovery,The year that XXX was discovered was when?,
P575,time of discovery,The discovery date or year of XXX is?,
P619,time of spacecraft launch,On what date did XXX lift off?,
P619,time of spacecraft launch,When was the launch date of XXX?,Wann startete YYY XXX?
P619,time of spacecraft launch,When was XXX's launch date?,An welchem Datum startete YYY XXX?
P619,time of spacecraft launch,What was the launch date of XXX?,
P619,time of spacecraft launch,What was the date XXX was launched?,
P619,time of spacecraft launch,What is the launch date of XXX?,
P619,time of spacecraft launch,What date was XXX launched?,
P619,time of spacecraft launch,What was the date of XXX's launch?,
P619,time of spacecraft launch,On what date did XXX launch?,
P619,time of spacecraft launch,What day was XXX launched?,
P619,time of spacecraft launch,On what date was XXX launched?,
P619,time of spacecraft launch,On what date did XXX take off?,
P619,time of spacecraft launch,The XXX was launched on what date?,
P289,vessel class,What specific type of seafaring vessel was XXX?,
P289,vessel class,What type of submarine was XXX classified as?,Als welcher U-Boot-Typ war die XXX klassifiziert?
P289,vessel class,What type of aquatic unit is XXX?,Welcher Schiffstyp war die XXX?
P289,vessel class,What vessel type is XXX?,
P412,voice type,What voice type is XXX?,Welche Stimmlage hat XXX?
P412,voice type,Which was the voice type that XXX had?,Welche Stimmlage hatte XXX?
P412,voice type,What type of tone does XXX sing in?,
P412,voice type,What was XXX's range?,
P412,voice type,What is the vocal range for XXX?,
P412,voice type,What type of voice does XXX have?,
P412,voice type,The voice type of XXX is what?,
P412,voice type,What voice type does XXX have?,
